PLR_id,PLR_name,area_sqm,playground_count,playground_area,poverty,total_population,total_children,<6,6-15,15-18
1100101,Stülerstraße,366933.12,0.0,0.0,19.398,3436.0,337.0,140.0,159.0,38.0
1100102,Großer Tiergarten,3919852.22,6.0,4982.0,8.333,1791.0,222.0,91.0,106.0,25.0
1100103,Lützowstraße,547183.23,5.0,5043.0,32.632,5251.0,705.0,273.0,318.0,114.0
1100104,Körnerstraße,338513.95,5.0,5677.0,39.94,4677.0,790.0,261.0,398.0,131.0
1100205,Wilhelmstraße,634656.82,0.0,0.0,19.758,2732.0,316.0,120.0,138.0,58.0
1100206,Unter den Linden,1297220.38,0.0,0.0,12.903,1823.0,243.0,102.0,110.0,31.0
1100207,Leipziger Straße,763632.87,3.0,4736.0,18.895,8379.0,1060.0,479.0,444.0,137.0
1100308,Charitéviertel,1682630.37,4.0,4274.0,4.718,7032.0,974.0,438.0,441.0,95.0
1100309,Oranienburger Straße,1011360.28,14.0,12407.0,12.837,12314.0,1952.0,691.0,950.0,311.0
1100310,Alexanderplatzviertel,1365179.02,5.0,5091.0,20.459,10043.0,1180.0,496.0,540.0,144.0
1100311,Karl-Marx-Allee,807969.28,12.0,10626.0,38.727,9197.0,1348.0,527.0,652.0,169.0
1100312,Heine-Viertel West,643620.27,7.0,7842.24,13.897,9772.0,1189.0,568.0,504.0,117.0
1100313,Heine-Viertel Ost,718074.52,5.0,2165.0,16.221,10715.0,1341.0,630.0,571.0,140.0
1100414,Nordbahnhof,373032.14,1.0,1070.0,9.423,5185.0,927.0,489.0,361.0,77.0
1100415,Invalidenstraße,780156.01,9.0,12960.0,7.099,12666.0,2082.0,727.0,1049.0,306.0
1100416,Arkonaplatz,602008.98,4.0,6082.0,5.693,13435.0,2357.0,936.0,1181.0,240.0
1200517,Huttenkiez,2484997.12,5.0,7987.0,58.7,3723.0,593.0,244.0,252.0,97.0
1200518,Beusselkiez,236852.7,3.0,2318.0,51.083,6851.0,920.0,365.0,427.0,128.0
1200519,Emdener Straße,347161.16,7.0,6453.0,41.851,9097.0,1228.0,455.0,583.0,190.0
1200520,Bremer Straße,429962.47,4.0,5363.0,31.256,9375.0,1238.0,495.0,572.0,171.0
1200521,Zwinglistraße,166607.92,5.0,7444.0,51.399,5208.0,816.0,290.0,393.0,133.0
1200522,Elberfelder Straße,639464.56,7.0,2988.0,13.633,11365.0,1498.0,599.0,672.0,227.0
1200623,Stephankiez,896488.24,8.0,9918.0,28.665,10763.0,1565.0,636.0,713.0,216.0
1200624,Heidestraße,688003.29,3.0,2065.0,21.703,5709.0,896.0,470.0,343.0,83.0
1200625,Lübecker Straße,325107.55,2.0,2377.0,47.308,6910.0,1206.0,422.0,582.0,202.0
1200626,Thomasiusstraße,552849.44,7.0,7746.0,16.691,5873.0,763.0,306.0,355.0,102.0
1200627,Zillesiedlung,174355.31,0.0,0.0,46.276,3263.0,719.0,249.0,369.0,101.0
1200628,Lüneburger Straße,745620.77,2.0,1558.0,13.393,3182.0,421.0,140.0,201.0,80.0
1200629,Hansaviertel,533332.6,2.0,574.0,14.088,5913.0,539.0,213.0,246.0,80.0
1300730,Drontheimer Straße,452957.42,8.0,8490.0,65.312,7990.0,1710.0,582.0,869.0,259.0
1300731,Koloniestraße,666936.95,8.0,5860.0,61.983,8533.0,1555.0,574.0,737.0,244.0
1300732,Soldiner Straße,588082.7,5.0,4414.0,61.62,9837.0,1968.0,745.0,932.0,291.0
1300733,Gesundbrunnen,658295.46,6.0,7854.0,55.963,11523.0,2017.0,685.0,1026.0,306.0
1300834,Brunnenstraße,775000.1,6.0,7973.0,52.309,14263.0,3257.0,1121.0,1647.0,489.0
1300835,Humboldthain Süd,1103905.65,9.0,7849.0,44.779,10426.0,1904.0,681.0,960.0,263.0
1300836,Humboldthain Nordwest,1441462.64,16.0,9956.0,61.476,14594.0,2635.0,907.0,1271.0,457.0
1400937,Afrikanische Straße,3674275.01,9.0,6688.0,42.9,10640.0,1518.0,588.0,707.0,223.0
1400938,Kameruner Straße,1196162.43,8.0,6231.0,46.335,9708.0,1430.0,531.0,657.0,242.0
1400939,Glasgower Straße,364634.09,1.0,239.0,45.209,5921.0,844.0,352.0,382.0,110.0
1400940,Schillerpark,917917.74,9.0,3771.0,43.341,6748.0,1070.0,464.0,488.0,118.0
1400941,Londoner Straße,450354.62,2.0,323.0,42.347,3761.0,441.0,198.0,189.0,54.0
1400942,Westliche Müllerstraße,531514.43,5.0,4305.0,47.683,8599.0,1171.0,473.0,520.0,178.0
1401043,Antonstraße,298923.1,1.0,2360.0,60.188,7627.0,1318.0,425.0,641.0,252.0
1401044,Uferstraße,491569.06,3.0,1325.0,62.319,10115.0,1844.0,675.0,910.0,259.0
1401045,Schwedenstraße,267818.86,3.0,2470.0,59.936,5667.0,1084.0,398.0,516.0,170.0
1401046,Nordufer,325061.74,7.0,5194.0,34.696,8745.0,1126.0,487.0,472.0,167.0
1401047,Sparrplatz,309180.47,6.0,7315.0,51.687,7945.0,1172.0,419.0,589.0,164.0
1401048,Leopoldplatz,408312.08,7.0,4897.0,51.916,9181.0,1310.0,482.0,615.0,213.0
1401049,Schulstraße,404133.53,5.0,6057.0,65.132,6666.0,1044.0,378.0,497.0,169.0
2100101,Askanischer Platz,710740.22,5.0,7181.0,44.224,6257.0,1048.0,368.0,508.0,172.0
2100102,Mehringplatz,624470.27,4.0,6022.0,53.437,8633.0,1728.0,551.0,864.0,313.0
2100103,Am Berlin Museum,413267.47,2.0,1209.0,50.763,5385.0,1060.0,374.0,531.0,155.0
2100104,Moritzplatz,380552.82,4.0,3926.0,56.935,5587.0,1101.0,373.0,538.0,190.0
2100105,Prinzenstraße,423364.74,1.0,143.0,63.838,9527.0,1797.0,563.0,940.0,294.0
2100106,Wassertorplatz,388956.59,4.0,2807.0,61.721,5028.0,954.0,288.0,496.0,170.0
2200207,Gleisdreieck,746235.79,0.0,0.0,6.166,2083.0,404.0,174.0,201.0,29.0
2200208,Rathaus Yorckstraße,428891.21,2.0,1293.0,24.354,5922.0,961.0,330.0,482.0,149.0
2200209,Viktoriapark,693588.88,5.0,12355.0,16.116,10906.0,1766.0,733.0,806.0,227.0
2200210,Urbanstraße,916813.08,7.0,4052.0,19.426,12299.0,1786.0,735.0,793.0,258.0
2200211,Chamissokiez,977115.4,7.0,4695.0,17.351,14747.0,2068.0,808.0,944.0,316.0
2200212,Graefekiez Süd,391152.06,2.0,3216.0,34.876,8528.0,1521.0,567.0,728.0,226.0
2200213,Graefekiez Nord,592508.02,5.0,5659.0,17.776,10185.0,1493.0,596.0,693.0,204.0
2300314,Oranienplatz,443945.41,8.0,11319.0,47.931,7502.0,1076.0,328.0,533.0,215.0
2300315,Lausitzer Platz,350912.76,6.0,5053.8,37.24,8626.0,1350.0,477.0,662.0,211.0
2300316,Köpenicker Straße,471428.88,3.0,2746.0,31.961,4214.0,606.0,215.0,314.0,77.0
2300417,Reichenberger Straße West,369696.09,1.0,600.0,33.239,8268.0,1243.0,395.0,652.0,196.0
2300418,Reichenberger Straße Ost,599772.68,3.0,1923.0,23.82,7705.0,1085.0,433.0,508.0,144.0
2300419,Wrangelkiez,526711.17,6.0,11749.0,24.55,10728.0,1454.0,598.0,633.0,223.0
2400520,Barnimkiez,941574.66,18.0,24655.0,33.333,5641.0,803.0,294.0,382.0,127.0
2400521,Friedenstraße,731469.75,2.0,2778.0,21.739,7799.0,1136.0,484.0,524.0,128.0
2400522,Richard-Sorge-Viertel,554546.14,5.0,4615.0,13.206,11268.0,1692.0,821.0,735.0,136.0
2400623,Andreasviertel,921730.46,12.0,13360.0,37.243,13331.0,1910.0,871.0,815.0,224.0
2400624,Weberwiese,564679.73,8.0,8277.0,10.949,11270.0,1415.0,560.0,689.0,166.0
2400625,Wriezener Bahnhof,864405.0,2.0,1678.0,57.692,1119.0,186.0,59.0,96.0,31.0
2500726,Hausburgviertel,309450.36,1.0,1573.0,18.657,9116.0,1238.0,573.0,556.0,109.0
2500727,Forckenbeckplatz,338018.54,5.0,9762.01,14.268,6567.0,945.0,428.0,422.0,95.0
2500728,Samariterviertel,310612.44,4.0,3267.0,11.055,10078.0,1603.0,686.0,724.0,193.0
2500729,Pettenkofer Straße,322479.82,4.0,3468.35,12.304,5436.0,919.0,388.0,423.0,108.0
2500830,Niederbarnimstraße,165474.09,2.0,1274.0,11.404,3928.0,515.0,245.0,212.0,58.0
2500831,Wismarplatz,248991.83,2.0,1027.0,21.148,7910.0,1114.0,471.0,538.0,105.0
2500832,Traveplatz,369572.69,5.0,3728.0,23.927,9029.0,1496.0,730.0,619.0,147.0
2500833,Boxhagener Platz,340152.8,6.0,4663.0,17.176,10145.0,1218.0,605.0,497.0,116.0
2500834,Revaler Straße,494580.92,5.0,4445.0,9.319,11421.0,1766.0,774.0,817.0,175.0
2500835,Stralauer Kiez,1355179.84,2.0,2863.0,18.91,7930.0,1066.0,513.0,470.0,83.0
2500836,Stralauer Halbinsel,1117019.93,4.0,4062.0,3.891,4788.0,1076.0,510.0,465.0,101.0
3100101,Bucher Forst,18376942.24,1.0,333.0,12.374,4536.0,878.0,362.0,429.0,87.0
3100102,Klinikum Buch,2732342.63,1.0,230.0,25.0,3173.0,550.0,257.0,229.0,64.0
3100103,Karower Chaussee,1876525.32,6.0,8093.0,32.928,8897.0,1708.0,608.0,856.0,244.0
3200204,Blankenfelde,13068045.62,0.0,0.0,4.24,2055.0,326.0,86.0,192.0,48.0
3200205,Uhlandstraße,2411910.65,2.0,1767.0,6.031,8690.0,1564.0,496.0,816.0,252.0
3200206,Pastor-Niemöller-Platz,1104560.54,2.0,2230.0,7.032,6326.0,1282.0,404.0,672.0,206.0
3200207,Herthaplatz,3080857.53,5.0,4285.0,11.346,11452.0,2293.0,729.0,1215.0,349.0
3200308,Nisbléstraße,1134328.37,2.0,3251.0,4.817,5223.0,995.0,282.0,562.0,151.0
3200309,Eddastraße,3067594.75,2.0,1716.0,8.479,5239.0,1031.0,341.0,534.0,156.0
3200310,Krugpfuhl,2267519.8,9.0,18380.0,10.178,7969.0,1591.0,559.0,795.0,237.0
3300411,Karow Nord,1668495.2,8.0,19017.0,23.194,11271.0,2550.0,965.0,1255.0,330.0
3300412,Karow Bahnhof,3078366.41,1.0,758.0,2.134,5139.0,787.0,264.0,403.0,120.0
3300413,Karow Ost,1864295.02,2.0,4140.0,2.697,3116.0,579.0,158.0,321.0,100.0
3300514,Blankenburg,4720036.85,1.0,4375.0,4.055,6820.0,1195.0,340.0,667.0,188.0
3300515,Blankenburger Süden,1162758.43,0.0,0.0,,,,,,
3300516,Heinersdorf,3906851.67,3.0,2642.0,12.6,7764.0,1312.0,474.0,641.0,197.0
3300517,Märchenland,5824604.2,2.0,5449.0,4.167,1110.0,143.0,29.0,83.0,31.0
3400618,Rosenthal,1798409.63,3.0,1981.0,4.7,4835.0,990.0,303.0,517.0,170.0
3400619,Wilhelmsruh,2169621.21,4.0,4623.0,10.132,10366.0,1682.0,565.0,832.0,285.0
3400620,Schönholz,1909863.92,2.0,2910.0,2.583,3534.0,687.0,166.0,392.0,129.0
3400721,Florakiez,794230.26,6.0,8338.14,7.532,11419.0,2572.0,847.0,1380.0,345.0
3400722,Parkstraße,509698.78,4.0,5274.0,4.448,3624.0,754.0,221.0,406.0,127.0
3400723,Garbátyplatz,608004.2,5.0,4192.0,11.578,7051.0,1468.0,580.0,729.0,159.0
3400724,Wolfshagener Straße,770111.65,3.0,7915.0,15.409,7588.0,1361.0,477.0,722.0,162.0
3400725,Schlosspark,1259169.85,5.0,9766.0,15.336,7423.0,1267.0,453.0,667.0,147.0
3400826,Tiroler Viertel,658974.26,3.0,4660.0,12.406,6672.0,1190.0,411.0,635.0,144.0
3400827,Trelleborger Viertel,413280.59,2.0,3398.0,10.591,9624.0,1583.0,630.0,775.0,178.0
3400828,Spiekermann Straße,364485.52,1.0,2154.0,8.787,4806.0,678.0,291.0,315.0,72.0
3400829,Arnold-Zweig-Straße,400608.32,3.0,5197.0,13.455,5529.0,987.0,347.0,502.0,138.0
3400830,Kissingenviertel,659329.18,1.0,268.0,18.823,9256.0,1457.0,536.0,737.0,184.0
3400831,Pankower Tor,534838.2,0.0,0.0,,,,,,
3500932,Bühringstraße,992560.31,4.0,6045.0,20.92,5336.0,846.0,360.0,385.0,101.0
3500933,Weißer See,1055244.35,5.0,4868.0,10.92,7569.0,1318.0,445.0,705.0,168.0
3500934,Weißenseer Spitze,627296.98,1.0,718.0,9.626,10186.0,1815.0,791.0,826.0,198.0
3500935,Behaimstraße,439061.47,3.0,4206.0,9.936,6471.0,1254.0,460.0,617.0,177.0
3500936,Komponistenviertel Weißensee,1119830.06,10.0,7842.0,15.559,9797.0,2061.0,680.0,1097.0,284.0
3501037,Rathaus Weißensee,1745042.95,5.0,4156.0,22.382,8510.0,1241.0,520.0,563.0,158.0
3501038,Hansastraße,1964403.81,3.0,7111.0,20.408,7451.0,1279.0,445.0,660.0,174.0
3601139,Norweger Viertel,454226.83,0.0,0.0,14.167,3771.0,549.0,248.0,242.0,59.0
3601140,Malmöer Straße,280597.87,2.0,3633.0,4.676,5914.0,974.0,385.0,482.0,107.0
3601141,Arnimplatz,286793.89,3.0,2970.0,9.684,6547.0,1043.0,433.0,495.0,115.0
3601142,Falkplatz,907522.2,10.0,10565.0,6.122,10654.0,1804.0,695.0,907.0,202.0
3601243,Rodenbergstraße,329700.29,1.0,232.0,5.889,6958.0,972.0,412.0,463.0,97.0
3601244,Humannplatz,364163.01,3.0,4524.0,7.041,7549.0,1058.0,427.0,503.0,128.0
3601245,Ostseestraße,966061.55,4.0,4855.0,17.761,12754.0,1545.0,688.0,661.0,196.0
3601346,Gethsemanekirche,193540.71,2.0,2334.0,9.871,5623.0,1018.0,336.0,522.0,160.0
3601347,Helmholtzplatz,297844.2,5.0,4817.0,8.077,9433.0,1782.0,636.0,904.0,242.0
3601348,Senefelderstraße,219925.28,5.0,3286.0,5.845,7439.0,1193.0,432.0,612.0,149.0
3601449,Michelangelostraße,858335.0,12.0,15740.0,35.38,9896.0,1120.0,397.0,556.0,167.0
3601450,Volkspark Prenzlauer Berg,1212042.08,6.0,4886.0,50.588,3971.0,857.0,352.0,411.0,94.0
3601451,Anton-Saefkow-Park,546897.39,5.0,4840.0,9.822,6340.0,945.0,394.0,459.0,92.0
3601452,Velodrom,552171.16,1.0,1717.0,24.95,4203.0,583.0,247.0,272.0,64.0
3601453,Alter Schlachthof,577296.88,3.0,2366.0,0.664,2820.0,887.0,266.0,511.0,110.0
3701554,Teutoburger Platz,548494.31,5.0,8437.0,6.497,11363.0,2083.0,735.0,1028.0,320.0
3701555,Sredzkistraße,314596.55,2.0,1565.0,5.195,7244.0,1259.0,465.0,598.0,196.0
3701556,Kollwitzplatz,507074.87,7.0,10762.0,6.242,8645.0,1712.0,707.0,760.0,245.0
3701657,Thälmannpark,441349.67,6.0,7357.0,24.424,3220.0,515.0,190.0,264.0,61.0
3701658,Christburger Straße,232831.19,5.0,8016.0,6.536,8390.0,1531.0,556.0,772.0,203.0
3701659,Immanuelkirchstraße,411516.73,4.0,3168.0,8.127,9123.0,1660.0,612.0,831.0,217.0
3701660,Bötzowstraße,575252.24,9.0,7889.0,6.207,12737.0,2506.0,796.0,1292.0,418.0
4100101,Jungfernheide/Plötzensee,5250552.28,3.0,4690.98,43.975,11476.0,1689.0,615.0,824.0,250.0
4100102,Paul-Hertz-Siedlung,537869.77,1.0,1878.0,50.644,7796.0,1515.0,523.0,791.0,201.0
4200203,Olympiagelände,3264447.31,2.0,3514.4700000000003,7.182,1462.0,241.0,51.0,141.0,49.0
4200204,Angerburger Allee,361441.63,0.0,0.0,11.397,2799.0,300.0,111.0,148.0,41.0
4200205,Flatowallee,977784.8,1.0,1125.0,7.664,2511.0,342.0,97.0,181.0,64.0
4200206,Kranzallee,1485568.26,1.0,5360.0,7.506,2912.0,521.0,129.0,284.0,108.0
4200207,Eichkamp,17441108.9,2.0,2191.8,3.158,3166.0,469.0,109.0,272.0,88.0
4200308,Branitzer Platz,2755154.22,4.0,2826.56,19.509,6423.0,943.0,340.0,463.0,140.0
4200309,Neu Westend,677517.51,3.0,4287.139999999999,10.219,6939.0,858.0,290.0,410.0,158.0
4200310,Fürstenplatz,931615.15,3.0,2902.65,13.409,7791.0,1058.0,348.0,519.0,191.0
4200311,Königin-Elisabeth-Straße,1555819.71,1.0,1415.0,18.933,7309.0,906.0,353.0,426.0,127.0
4300412,Schlossgarten,1261046.84,1.0,540.0,22.0,3478.0,339.0,158.0,142.0,39.0
4300413,Klausenerplatz,478704.32,2.0,5068.11,24.617,10225.0,1613.0,550.0,807.0,256.0
4300414,Schloßstraße,562558.7,2.0,3828.26,13.366,10695.0,1471.0,539.0,696.0,236.0
4300415,Lietzensee,633140.39,5.0,7587.17,13.766,6389.0,737.0,286.0,343.0,108.0
4300416,Amtsgerichtsplatz,580698.48,4.0,5474.85,16.082,11955.0,1580.0,602.0,715.0,263.0
4300517,Tegeler Weg,519156.1,4.0,3363.98,26.087,9610.0,1138.0,472.0,517.0,149.0
4300518,Kaiserin-Augusta-Allee,1376647.6,4.0,5260.9400000000005,29.641,5808.0,761.0,301.0,352.0,108.0
4300619,Alt-Lietzow,536736.1,4.0,3435.95,21.885,8748.0,1079.0,417.0,502.0,160.0
4300620,Spreestadt,715525.61,2.0,2838.0,24.118,3439.0,405.0,159.0,205.0,41.0
4300621,Richard-Wagner-Straße,550741.73,3.0,4704.63,24.363,10659.0,1363.0,547.0,624.0,192.0
4300622,Ernst-Reuter-Platz,959939.51,1.0,2138.19,24.957,5215.0,699.0,309.0,304.0,86.0
4300623,Karl-August-Platz,582736.82,5.0,6910.6900000000005,21.468,12054.0,1472.0,547.0,689.0,236.0
4300624,Savignyplatz,534645.69,4.0,4355.15,14.505,9384.0,993.0,400.0,447.0,146.0
4400725,Güterbahnhof Grunewald,543676.59,0.0,0.0,,,,,,
4400726,Bismarckallee,1428456.18,3.0,5137.62,12.146,5440.0,931.0,300.0,478.0,153.0
4400727,Flinsberger Platz,914968.15,3.0,4041.24,15.225,8250.0,1082.0,390.0,555.0,137.0
4400728,Hagenplatz,943671.38,1.0,1294.25,3.553,3132.0,484.0,172.0,225.0,87.0
4400729,Hundekehle,3754531.35,1.0,1166.62,5.495,2850.0,440.0,151.0,212.0,77.0
4400830,Forckenbeckstraße,1494617.64,3.0,3442.7999999999997,14.896,7080.0,1195.0,434.0,588.0,173.0
4400831,Messelpark,544711.08,2.0,1711.0,3.529,1495.0,212.0,57.0,113.0,42.0
4400832,Breite Straße,667165.71,3.0,1232.0,9.342,6943.0,932.0,301.0,484.0,147.0
4400833,Schlangenbader Straße,353214.02,2.0,2497.0,31.49,4177.0,496.0,194.0,249.0,53.0
4400834,Binger Straße,423128.88,3.0,3929.58,8.209,3526.0,437.0,151.0,219.0,67.0
4400835,Rüdesheimer Platz,600216.0,4.0,5450.05,8.094,10484.0,1434.0,481.0,705.0,248.0
4500936,Droysenstraße,273549.1,2.0,3276.0,22.017,5625.0,723.0,264.0,339.0,120.0
4500937,Halensee,709444.64,1.0,3000.0,9.61,7648.0,881.0,335.0,413.0,133.0
4500938,Hochmeisterplatz,517765.24,3.0,5515.46,16.876,7837.0,988.0,393.0,463.0,132.0
4500939,Eisenzahnstraße,757153.32,2.0,1451.29,19.285,6460.0,920.0,372.0,410.0,138.0
4501040,Hindemithplatz,303199.96,2.0,2490.0,7.072,5910.0,710.0,255.0,343.0,112.0
4501041,George-Grosz-Platz,464764.91,2.0,3114.5299999999997,11.797,5464.0,644.0,226.0,320.0,98.0
4501042,Breitscheidplatz,603720.24,0.0,0.0,31.671,3588.0,465.0,168.0,231.0,66.0
4501043,Preußenpark,625799.23,3.0,4101.5,11.701,11039.0,1399.0,507.0,684.0,208.0
4501044,Ludwigkirchplatz,314921.76,2.0,2010.0,15.2,5241.0,613.0,236.0,273.0,104.0
4501045,Schaperstraße,590824.23,3.0,3601.0,16.685,9135.0,1024.0,390.0,502.0,132.0
4501146,Barstraße,668506.01,4.0,4740.65,28.482,4701.0,715.0,285.0,324.0,106.0
4501147,Leon-Jessel-Platz,248612.38,3.0,3614.0,19.07,5525.0,770.0,286.0,377.0,107.0
4501148,Brabanter Platz,420103.25,3.0,3177.0,24.053,4420.0,647.0,241.0,323.0,83.0
4501149,Nikolsburger Platz,441484.87,4.0,6419.0,15.834,9826.0,1299.0,454.0,615.0,230.0
4501150,Wilhelmsaue,294737.34,3.0,8538.18,11.314,3050.0,306.0,116.0,149.0,41.0
4501151,Hildegardstraße,323683.42,0.0,0.0,9.649,7465.0,1093.0,323.0,567.0,203.0
4501152,Prager Platz,349867.47,2.0,2543.63,9.956,6871.0,794.0,261.0,418.0,115.0
4501153,Babelsberger Straße,586119.81,4.0,9795.19,19.741,7462.0,1100.0,394.0,532.0,174.0
5100101,Hakenfelde Nord,16168986.57,4.0,4787.0,8.813,4061.0,674.0,264.0,304.0,106.0
5100102,Am Forstacker,320909.15,0.0,0.0,38.716,4330.0,580.0,221.0,264.0,95.0
5100103,Mertensstraße,719129.83,2.0,1815.53,32.891,5908.0,1177.0,594.0,477.0,106.0
5100104,Maselake,559356.3,5.0,4736.0,29.779,4812.0,890.0,310.0,460.0,120.0
5100105,Amorbacher Weg,2202605.79,2.0,1156.0,19.27,7567.0,1051.0,360.0,527.0,164.0
5100206,Griesingerstraße,1938181.27,0.0,0.0,43.192,3565.0,814.0,232.0,423.0,159.0
5100207,An der Tränke,592575.82,1.0,584.69,7.983,2286.0,310.0,89.0,154.0,67.0
5100208,Im Spektefeld,1765428.03,6.0,15891.0,49.486,10663.0,2087.0,747.0,1024.0,316.0
5100209,Westerwaldstraße,747060.93,1.0,3574.0,48.574,11687.0,2301.0,733.0,1199.0,369.0
5100210,Germersheimer Platz,544798.86,3.0,2132.0,46.307,7681.0,1199.0,453.0,613.0,133.0
5100211,An der Kappe,1402798.31,3.0,5011.41,25.627,6112.0,889.0,303.0,430.0,156.0
5100312,Eckschanze,332714.27,1.0,5217.0,39.192,4019.0,639.0,234.0,316.0,89.0
5100313,Eiswerder,1665455.64,3.0,3430.0,42.088,6092.0,1187.0,393.0,607.0,187.0
5100314,Kurstraße,475100.95,4.0,5260.0,57.799,7332.0,1483.0,553.0,725.0,205.0
5100315,Ackerstraße,489154.53,2.0,8769.0,43.465,6837.0,1191.0,461.0,544.0,186.0
5100316,Carl-Schurz-Straße,1377543.83,13.0,7709.11,44.017,10295.0,1690.0,652.0,785.0,253.0
5100317,Freiheit,2278736.27,2.0,2624.0,35.264,3570.0,682.0,252.0,333.0,97.0
5200418,Isenburger Weg,1284644.94,1.0,2185.0,3.846,3828.0,607.0,154.0,329.0,124.0
5200419,Am Heideberg,422284.08,1.0,1224.0,9.524,1686.0,202.0,63.0,100.0,39.0
5200420,Staakener Straße,2627543.88,0.0,0.0,17.758,5792.0,856.0,275.0,433.0,148.0
5200421,Spandauer Straße,720077.48,1.0,4170.0,26.508,4370.0,898.0,311.0,437.0,150.0
5200422,Werkstraße,1187927.36,1.0,1080.0,22.772,1091.0,221.0,76.0,116.0,29.0
5200423,Magistratsweg,640368.95,1.0,4008.0,48.555,6571.0,1219.0,441.0,611.0,167.0
5200524,Döberitzer Weg,1660886.45,2.0,1712.0,9.845,3338.0,687.0,206.0,363.0,118.0
5200525,Pillnitzer Weg,1475133.02,3.0,10856.0,5.898,2437.0,401.0,148.0,201.0,52.0
5200526,Rudolf-Wissell-Großsiedlung,379183.62,0.0,0.0,67.368,5647.0,1366.0,418.0,760.0,188.0
5200527,Maulbeerallee,1311844.31,3.0,1880.0,71.875,11456.0,3112.0,981.0,1624.0,507.0
5200528,Weinmeisterhornweg,2738298.7,1.0,2390.0,20.23,6949.0,952.0,368.0,437.0,147.0
5200629,Borkumer Straße,1325582.05,5.0,5945.0,36.305,7988.0,1133.0,458.0,541.0,134.0
5200630,Wilhelmstadt West,909121.87,6.0,8334.04,38.361,9793.0,1479.0,538.0,708.0,233.0
5200631,Wilhelmstadt Ost,542138.38,3.0,2419.0,39.479,8450.0,1226.0,454.0,596.0,176.0
5200632,Tiefwerder,1565012.11,1.0,784.0,47.463,3671.0,727.0,225.0,379.0,123.0
5200633,Graetschelsteig,491051.81,2.0,2555.04,38.662,2015.0,318.0,103.0,169.0,46.0
5200634,Börnicker Straße,3734160.03,2.0,3287.0,8.052,4412.0,477.0,180.0,209.0,88.0
5300735,Haveleck,1032894.01,2.0,2523.0,17.259,2049.0,481.0,205.0,193.0,83.0
5300736,Zitadellenweg,2619004.67,5.0,4206.0,36.881,3657.0,984.0,311.0,518.0,155.0
5300737,Gartenfelder Straße,1041752.6,2.0,2884.0,43.822,11349.0,1726.0,701.0,791.0,234.0
5300838,Gartenfeld,934743.09,0.0,0.0,,,,,,
5300839,Rohrdamm,1217881.93,2.0,1606.0,37.923,7595.0,1446.0,458.0,756.0,232.0
5300840,Nonnendammallee,3274879.0,0.0,0.0,32.075,477.0,76.0,27.0,30.0,19.0
5300841,Siemensdamm,268024.36,1.0,2223.0,30.596,4588.0,705.0,287.0,324.0,94.0
5400942,Alt-Gatow,11509827.33,5.0,3300.0,8.372,3662.0,560.0,143.0,303.0,114.0
5400943,Jägerallee,7332065.96,7.0,5315.0,2.293,10412.0,2251.0,664.0,1228.0,359.0
5400944,Kladower Damm,4312231.54,2.0,2867.0,2.662,2216.0,337.0,93.0,176.0,68.0
5400945,Kafkastraße,1737259.24,0.0,0.0,3.81,3639.0,617.0,182.0,331.0,104.0
6100101,Fichtenberg,989983.71,4.0,4375.87,6.737,6881.0,940.0,285.0,467.0,188.0
6100102,Schloßstraße,488818.42,1.0,1851.27,13.097,8744.0,1304.0,502.0,641.0,161.0
6100103,Markelstraße,461311.55,3.0,3204.95,6.762,6212.0,896.0,357.0,407.0,132.0
6100204,Munsterdamm,1115963.34,3.0,3359.02,16.582,6845.0,978.0,348.0,476.0,154.0
6100205,Südende,850878.73,1.0,785.64,17.698,9819.0,1468.0,563.0,689.0,216.0
6100206,Stadtpark,710879.75,5.0,9210.619999999999,11.28,7630.0,1081.0,395.0,523.0,163.0
6100207,Mittelstraße,679697.38,6.0,8725.49,14.88,7907.0,1122.0,452.0,511.0,159.0
6100208,Bergstraße,620627.59,3.0,1646.25,9.975,6765.0,926.0,381.0,428.0,117.0
6100209,Feuerbachstraße,633843.81,7.0,7369.84,13.233,9238.0,1284.0,549.0,574.0,161.0
6100210,Bismarckstraße,235557.21,1.0,364.07,14.911,4842.0,698.0,259.0,345.0,94.0
6200311,Alt-Lankwitz,993766.73,2.0,2995.4900000000002,14.215,4918.0,709.0,252.0,339.0,118.0
6200312,Komponistenviertel Lankwitz,1237860.94,2.0,3828.17,9.933,6063.0,889.0,325.0,422.0,142.0
6200313,Lankwitz Kirche,698883.66,3.0,2258.23,24.333,7373.0,1062.0,425.0,505.0,132.0
6200314,Kaiser-Wilhelm-Straße,733788.62,2.0,1034.49,22.46,7262.0,1110.0,460.0,499.0,151.0
6200315,Gallwitzallee,1175532.49,2.0,3054.06,15.337,5766.0,943.0,297.0,521.0,125.0
6200316,Belßstraße,671770.33,4.0,3029.57,31.983,5374.0,856.0,310.0,417.0,129.0
6200317,Lankwitz Süd,1481614.01,5.0,12348.32,11.223,6373.0,945.0,313.0,487.0,145.0
6200418,Landweg,1105447.21,0.0,0.0,,,,,,
6200419,Thermometersiedlung,321221.1,0.0,0.0,35.793,4623.0,762.0,244.0,404.0,114.0
6200420,Lichterfelde Süd,1370743.87,3.0,4697.04,20.928,7113.0,1123.0,396.0,549.0,178.0
6200421,Königsberger Straße,2035778.68,2.0,1474.4,16.797,8281.0,1233.0,396.0,602.0,235.0
6200422,Oberhofer Platz,1367524.06,2.0,1420.9099999999999,10.567,7075.0,1093.0,361.0,551.0,181.0
6200423,Schütte-Lanz-Straße,1741852.2,7.0,6146.2699999999995,19.785,8572.0,1486.0,440.0,791.0,255.0
6300524,Berlepschstraße,1745613.63,3.0,2448.05,10.029,5658.0,871.0,221.0,476.0,174.0
6300525,Zehlendorf Süd,1313492.85,4.0,5791.01,19.54,5555.0,809.0,282.0,412.0,115.0
6300526,Zehlendorf Mitte,905355.72,4.0,2833.87,9.787,3299.0,606.0,196.0,297.0,113.0
6300527,Sundgauer Straße,979998.29,6.0,10377.91,9.684,8377.0,1143.0,390.0,581.0,172.0
6300528,Teltower Damm,3119504.58,5.0,21190.640000000003,4.571,10981.0,1789.0,456.0,988.0,345.0
6300629,Botanischer Garten,1416801.21,3.0,876.74,8.553,6992.0,950.0,299.0,481.0,170.0
6300630,Hindenburgdamm,744838.47,4.0,3820.46,21.739,5590.0,936.0,321.0,458.0,157.0
6300631,Goerzwerke,1783648.8,1.0,2655.04,8.992,2921.0,438.0,125.0,245.0,68.0
6300632,Schweizer Viertel,3085929.05,4.0,2641.74,4.238,13532.0,2557.0,720.0,1401.0,436.0
6300633,Augustaplatz,1667908.74,3.0,1744.3899999999999,11.654,11970.0,1895.0,575.0,1004.0,316.0
6300634,Lichterfelde West,1584148.59,4.0,3563.56,5.281,8428.0,1492.0,423.0,788.0,281.0
6400735,Wannsee,23735232.25,4.0,2780.39,3.983,10134.0,1724.0,448.0,992.0,284.0
6400736,Düppel,3130559.84,3.0,7709.9400000000005,6.464,5245.0,1002.0,295.0,523.0,184.0
6400737,Nikolassee,16490502.19,5.0,8110.93,3.978,11375.0,1771.0,459.0,988.0,324.0
6400838,Krumme Lanke,6419300.11,4.0,4144.6,1.782,7394.0,1185.0,326.0,625.0,234.0
6400839,Fischerhüttenstraße,1832755.71,3.0,2949.12,5.478,5252.0,818.0,224.0,448.0,146.0
6400840,Fischtal,1385412.91,3.0,6774.450000000001,4.167,7210.0,1158.0,286.0,617.0,255.0
6400841,Zehlendorf Eiche,1102154.01,0.0,0.0,7.641,5927.0,918.0,279.0,458.0,181.0
6400842,Hüttenweg,2975008.67,2.0,2125.68,3.751,4784.0,1086.0,312.0,584.0,190.0
6400843,Thielallee,2111270.46,4.0,6547.349999999999,0.912,4808.0,844.0,212.0,460.0,172.0
6400844,Dahlem,3308763.84,6.0,2107.2,4.397,7159.0,1243.0,351.0,652.0,240.0
7100101,Wittenbergplatz,621012.04,3.0,884.0,21.196,9797.0,1076.0,406.0,532.0,138.0
7100102,Kalckreuthstraße,516607.54,4.0,2162.0,39.359,8595.0,1201.0,430.0,585.0,186.0
7100103,Frobenstraße,342048.44,5.0,9083.0,45.051,7752.0,1235.0,429.0,578.0,228.0
7100204,Barbarossaplatz,515158.77,7.0,7110.0,15.59,10439.0,1444.0,551.0,662.0,231.0
7100205,Alvenslebenstraße,317589.24,3.0,1674.0,45.161,5206.0,871.0,274.0,423.0,174.0
7100206,Großgörschenstraße,534763.03,7.0,6443.0,24.338,8253.0,1232.0,494.0,577.0,161.0
7200307,Bayerischer Platz,523942.87,5.0,6208.0,13.593,10582.0,1365.0,493.0,663.0,209.0
7200308,Volkspark (Rudolph-Wilde-Park),626745.84,1.0,135.0,28.759,10481.0,1560.0,635.0,718.0,207.0
7200409,Belziger Straße,530593.06,9.0,15736.0,12.32,9373.0,1302.0,536.0,598.0,168.0
7200410,Feurigstraße,250443.74,3.0,1258.0,43.522,5551.0,930.0,340.0,456.0,134.0
7200411,Julius-Leber-Brücke,135106.96,2.0,1588.0,15.806,2751.0,379.0,149.0,157.0,73.0
7200412,Schöneberger Linse,231297.53,1.0,856.0,33.333,1500.0,247.0,138.0,88.0,21.0
7200413,Cheruskerstraße,797229.77,9.0,6067.0,14.002,7847.0,1102.0,451.0,521.0,130.0
7200414,Hohenfriedbergstraße,263437.11,6.0,7413.0,13.701,3721.0,556.0,225.0,269.0,62.0
7300515,Taunusstraße,367069.4,2.0,883.0,7.593,6852.0,1032.0,367.0,504.0,161.0
7300516,Odenwaldstraße,458723.17,5.0,5457.0,7.622,8806.0,1301.0,438.0,623.0,240.0
7300517,Perelsplatz,636686.26,3.0,1474.0,6.912,8755.0,1445.0,460.0,747.0,238.0
7300618,Ceciliengärten,567664.29,5.0,2939.0,10.265,9355.0,1406.0,552.0,646.0,208.0
7300619,Grazer Platz,2573809.51,7.0,13217.0,26.398,12293.0,2044.0,762.0,996.0,286.0
7400720,Gontermannstraße,1184468.61,1.0,3608.0,27.848,11960.0,1751.0,642.0,859.0,250.0
7400721,Paradestraße,4281177.32,6.0,8816.0,14.211,5394.0,1131.0,317.0,633.0,181.0
7400822,Lindenhofsiedlung,1453448.74,1.0,1599.0,21.481,2229.0,316.0,97.0,167.0,52.0
7400823,Wittekindstraße,805351.22,0.0,0.0,34.388,9745.0,1425.0,613.0,608.0,204.0
7400824,Bosepark,636909.4,3.0,2555.0,22.865,7343.0,1168.0,503.0,540.0,125.0
7400825,Friedrich-Karl-Straße,418525.21,1.0,2524.0,28.981,7335.0,1108.0,459.0,514.0,135.0
7400826,Marienhöhe,1169649.59,5.0,12769.0,22.203,5087.0,669.0,248.0,312.0,109.0
7400927,Rathaus Tempelhof,3059338.23,5.0,3133.0,36.202,11065.0,1713.0,670.0,805.0,238.0
7400928,Germaniagarten,660319.24,3.0,4385.0,58.23,3928.0,613.0,267.0,285.0,61.0
7501029,Ringstraße,1441993.97,4.0,7254.0,35.91,8134.0,1245.0,521.0,564.0,160.0
7501030,Machonstraße,597120.69,3.0,3080.0,35.389,8831.0,1345.0,533.0,659.0,153.0
7501031,Eisenacher Straße,1542290.44,3.0,6636.0,26.633,8957.0,1185.0,487.0,536.0,162.0
7501032,Imbrosweg,1232173.93,1.0,2173.0,28.511,5616.0,852.0,325.0,377.0,150.0
7501133,Fritz-Werner-Straße,1756185.26,1.0,1372.0,30.032,8097.0,1122.0,410.0,515.0,197.0
7501134,Hundsteinweg,2253607.84,2.0,1668.0,23.651,10540.0,1595.0,591.0,764.0,240.0
7501135,Birnhornweg,555583.55,1.0,795.0,10.484,2223.0,306.0,96.0,154.0,56.0
7601236,Marienfelder Allee Nordwest,1147192.59,3.0,17296.0,48.472,10150.0,2007.0,656.0,1003.0,348.0
7601237,Kirchstraße,1235702.41,4.0,3436.0,10.691,4767.0,752.0,218.0,403.0,131.0
7601238,Marienfelde Nordost,1985033.15,1.0,729.0,37.296,2856.0,518.0,168.0,264.0,86.0
7601339,Tirschenreuther Ring West,453772.11,1.0,734.0,41.017,5716.0,1000.0,363.0,482.0,155.0
7601340,Tirschenreuther Ring Ost,413975.41,4.0,12102.0,41.684,6406.0,1102.0,387.0,544.0,171.0
7601341,Diedersdorfer Weg,3913482.87,4.0,7563.0,17.55,2249.0,337.0,118.0,161.0,58.0
7601442,Kettinger Straße,2348240.77,5.0,4991.0,15.004,10457.0,1672.0,556.0,826.0,290.0
7601443,Töpchiner Weg,1986717.05,4.0,9464.0,20.831,10915.0,1879.0,625.0,982.0,272.0
7601544,John-Locke-Straße,1123882.53,3.0,4772.0,27.885,8661.0,1531.0,591.0,738.0,202.0
7601545,Nahariyastraße,900471.31,0.0,0.0,57.586,8367.0,1714.0,521.0,878.0,315.0
7601546,Franziusweg,1774369.43,4.0,6034.0,8.333,6965.0,1116.0,376.0,542.0,198.0
7601547,Horstwalder Straße,941447.21,3.0,2674.4,27.778,3850.0,675.0,242.0,334.0,99.0
7601548,Wittelsbacherstraße,968275.3,1.0,2105.0,15.213,2942.0,525.0,193.0,257.0,75.0
8100101,Hasenheide,866365.32,5.0,10914.380000000001,40.417,4643.0,607.0,244.0,283.0,80.0
8100102,Schillerpromenade Nord,589651.68,8.0,7014.28,37.861,8179.0,1092.0,427.0,517.0,148.0
8100103,Schillerpromenade Süd,479083.85,4.0,5098.32,39.842,7370.0,993.0,436.0,439.0,118.0
8100104,Wartheplatz,551192.08,2.0,3281.0,55.621,6653.0,1018.0,386.0,468.0,164.0
8100105,Silbersteinstraße,463913.24,4.0,5600.41,62.407,5659.0,974.0,333.0,478.0,163.0
8100206,Flughafenstraße,421634.54,3.0,3304.0,43.153,9575.0,1289.0,469.0,616.0,204.0
8100207,Rollberg,371779.34,2.0,5359.0,52.695,7460.0,1497.0,467.0,757.0,273.0
8100208,Körnerpark,553859.98,4.0,6878.95,49.783,12275.0,1846.0,717.0,885.0,244.0
8100209,Glasower Straße,589240.09,2.0,2224.0,55.924,8458.0,1273.0,400.0,628.0,245.0
8100310,Maybachufer,254734.13,4.0,3301.0,28.779,7805.0,1191.0,423.0,599.0,169.0
8100311,Reuterplatz,259583.29,1.0,744.0,24.414,7313.0,903.0,380.0,406.0,117.0
8100312,Weichselplatz,515951.99,5.0,7907.0,36.466,11863.0,1689.0,731.0,764.0,194.0
8100313,Bouchéstraße,140059.91,1.0,1291.0,39.241,3858.0,521.0,221.0,234.0,66.0
8100314,Donaustraße,255921.89,1.0,1258.0,52.217,8118.0,1181.0,409.0,585.0,187.0
8100415,Ganghoferstraße,255376.34,2.0,2152.58,38.488,6475.0,965.0,406.0,465.0,94.0
8100416,Alt-Rixdorf,334335.88,5.0,5300.0,36.311,6517.0,1007.0,413.0,467.0,127.0
8100417,Braunschweiger Straße,412653.09,3.0,6040.0,48.252,9807.0,1524.0,580.0,680.0,264.0
8100418,Hertzbergplatz,640255.38,4.0,10412.0,37.952,9537.0,1317.0,562.0,588.0,167.0
8100419,Treptower Straße Nord,430621.97,3.0,6241.0,68.327,7079.0,1406.0,550.0,669.0,187.0
8100520,Weiße Siedlung,1120634.47,0.0,0.0,67.527,5780.0,1449.0,542.0,718.0,189.0
8100521,Schulenburgpark,2197575.98,6.0,7339.0,74.678,9580.0,2306.0,644.0,1303.0,359.0
8200622,Jahnstraße,667047.98,3.0,2954.0,60.894,5610.0,1229.0,442.0,600.0,187.0
8200623,Park am Buschkrug,1179332.49,5.0,22982.0,35.818,6051.0,1047.0,379.0,541.0,127.0
8200624,Tempelhofer Weg,1189617.28,5.0,6802.0,48.875,8732.0,1343.0,513.0,650.0,180.0
8200725,Mohriner Allee Nord,1629952.01,0.0,0.0,14.423,2464.0,389.0,118.0,205.0,66.0
8200726,Hufeisensiedlung,988545.0,5.0,5355.45,23.585,6226.0,1099.0,374.0,560.0,165.0
8200727,Parchimer Allee Süd,1156789.48,7.0,4753.0,33.83,7962.0,1009.0,405.0,481.0,123.0
8200728,Ortolanweg,1186466.74,1.0,1123.0,38.06,1226.0,157.0,60.0,64.0,33.0
8200729,Britzer Garten,3152366.0,3.0,1554.0,8.917,1841.0,368.0,104.0,209.0,55.0
8200730,Handwerker-Siedlung,1376467.37,6.0,5622.0,20.87,3382.0,456.0,110.0,249.0,97.0
8200831,Buckow West,1457782.98,5.0,4091.0,20.955,8335.0,1212.0,464.0,593.0,155.0
8200832,Buckow Mitte,2032601.08,5.0,6392.48,32.808,11529.0,1877.0,637.0,938.0,302.0
8200833,Buckow Ost,1106992.26,1.0,5500.0,44.2,8658.0,1621.0,508.0,855.0,258.0
8300934,Gropiusstadt Nord-West,847625.39,2.0,3147.25,51.102,12518.0,2280.0,884.0,1056.0,340.0
8300935,Gropiusstadt Süd-West,677342.29,4.0,3892.35,40.831,7329.0,977.0,375.0,471.0,131.0
8301036,Gropiusstadt Mitte,695028.22,6.0,3216.5,45.046,7176.0,1319.0,488.0,592.0,239.0
8301037,Gropiusstadt Süd-Ost,437945.86,1.0,6000.0,48.814,10577.0,2038.0,798.0,944.0,296.0
8401138,Goldhähnchenweg,133644.0,1.0,2702.0,48.821,2880.0,538.0,187.0,277.0,74.0
8401139,Vogelviertel Süd,826773.03,0.0,0.0,23.46,4121.0,522.0,219.0,225.0,78.0
8401140,Vogelviertel Nord,440895.9,2.0,3825.0,21.875,2664.0,434.0,141.0,211.0,82.0
8401241,Blumenviertel,2120055.05,1.0,1321.0,15.929,8181.0,1387.0,439.0,676.0,272.0
8401242,Zittauer Straße,1922494.46,3.0,5644.110000000001,15.636,6819.0,1086.0,333.0,577.0,176.0
8401243,Alt-Rudow,2508182.71,5.0,4153.0,26.203,9982.0,1591.0,598.0,731.0,262.0
8401244,Waßmannsdorfer Chaussee,2776853.84,2.0,10327.0,11.1,7133.0,1230.0,411.0,653.0,166.0
8401245,Frauenviertel,471894.55,4.0,16161.0,20.748,3744.0,709.0,275.0,308.0,126.0
8401246,Waltersdorfer Chaussee Ost,2245178.48,2.0,6237.0,25.616,7929.0,1460.0,517.0,713.0,230.0
9100101,Alt-Treptow,2314193.1,10.0,6928.889999999999,16.455,13153.0,2428.0,1001.0,1147.0,280.0
9100202,Plänterwald West,854071.54,1.0,1983.0,8.38,4334.0,822.0,319.0,402.0,101.0
9100203,Plänterwald Ost,2145041.58,2.0,5470.23,30.629,6895.0,659.0,304.0,285.0,70.0
9100304,Baumschulenweg West,1613850.31,5.0,4845.0,17.32,11702.0,1443.0,624.0,684.0,135.0
9100305,Baumschulenweg Ost,496809.95,2.0,1143.94,16.258,4030.0,522.0,223.0,235.0,64.0
9100306,Späthsfelde,2722811.58,0.0,0.0,22.485,3047.0,610.0,196.0,292.0,122.0
9100407,Johannisthal West,3247238.22,7.0,8285.0,17.989,8426.0,1121.0,438.0,536.0,147.0
9100408,Johannisthal Ost,766688.37,2.0,2582.75,19.097,8168.0,1343.0,574.0,605.0,164.0
9100409,Landschaftspark Adlershof,2988058.72,7.0,8401.36,10.463,3572.0,685.0,181.0,349.0,155.0
9200510,Helmholtz-Kiez,2330981.37,3.0,4059.87,42.419,7577.0,1245.0,572.0,535.0,138.0
9200511,Griechischer Park,1358649.9,7.0,4924.74,32.155,12604.0,2230.0,941.0,1028.0,261.0
9200512,Wuhlheide,4246822.58,1.0,775.12,30.688,3579.0,515.0,225.0,241.0,49.0
9200613,Bahnhof Schöneweide,1905396.36,6.0,7422.23,29.657,9613.0,1563.0,747.0,636.0,180.0
9200614,Oberspree,1072410.63,3.0,5006.0,23.113,3561.0,511.0,149.0,271.0,91.0
9200715,Wista,2671216.52,1.0,4473.34,14.894,3100.0,505.0,322.0,153.0,30.0
9200716,Dörpfeldstraße West,947786.03,3.0,6851.63,23.901,7592.0,1236.0,470.0,597.0,169.0
9200717,Dörpfeldstraße Ost,2545953.51,6.0,6210.18,23.829,9535.0,1384.0,568.0,636.0,180.0
9200818,Spindlersfeld,571618.77,3.0,2462.62,15.493,3187.0,489.0,217.0,211.0,61.0
9200819,Köllnische Vorstadt,1551737.67,1.0,2400.0,37.428,8347.0,1587.0,600.0,767.0,220.0
9300920,Dorf Altglienicke,4304731.14,7.0,6479.46,13.037,12163.0,2420.0,913.0,1206.0,301.0
9300921,Preußen Siedlung,1462086.42,1.0,900.0,4.709,2721.0,475.0,142.0,261.0,72.0
9300922,Kosmos Viertel,380874.59,3.0,2495.7200000000003,54.303,5761.0,1173.0,400.0,594.0,179.0
9300923,Kölner Viertel,1566633.37,9.0,9197.42,29.757,8014.0,1832.0,633.0,939.0,260.0
9301024,Falkenberg,1148579.88,3.0,5042.4,3.403,2495.0,452.0,175.0,208.0,69.0
9301025,Alt-Bohnsdorf,5534396.99,2.0,1098.58,12.491,10898.0,1739.0,561.0,917.0,261.0
9301126,Grünau,9172900.41,4.0,3911.27,9.465,7343.0,1115.0,490.0,488.0,137.0
9301227,Karolinenhof,2356854.91,1.0,538.16,1.984,1877.0,317.0,101.0,161.0,55.0
9301228,Schmöckwitz/Rauchfangswerder,14763147.97,0.0,0.0,7.521,2627.0,423.0,172.0,193.0,58.0
9401329,Kietzer Feld/Nachtheide,17025168.5,2.0,4528.0,9.661,10128.0,1202.0,398.0,633.0,171.0
9401330,Wendenschloß,964279.49,0.0,0.0,3.147,1900.0,313.0,103.0,165.0,45.0
9401431,Allende I,513553.56,1.0,350.0,17.774,5396.0,652.0,258.0,293.0,101.0
9401432,Siedlung Kämmereiheide,938683.28,1.0,1312.65,16.917,1570.0,305.0,122.0,140.0,43.0
9401433,Allende II,1991509.27,4.0,3272.81,26.991,4334.0,578.0,181.0,284.0,113.0
9401534,Altstadt Köpenick,796824.43,7.0,6476.79,29.677,7340.0,1488.0,553.0,732.0,203.0
9401635,Müggelheim,22214881.42,2.0,3000.0,3.834,6851.0,1069.0,329.0,591.0,149.0
9501736,Hirschgarten,2873108.22,2.0,1719.06,10.363,4597.0,692.0,283.0,325.0,84.0
9501737,Alt-Friedrichshagen,11170532.0,7.0,5257.46,6.831,14440.0,2309.0,795.0,1153.0,361.0
9501838,Rahnsdorf,21450907.88,5.0,3872.7,7.964,9937.0,1654.0,550.0,836.0,268.0
9501939,Bahnhofstraße,1142573.42,4.0,2059.5,11.586,6402.0,1012.0,443.0,454.0,115.0
9501940,Güterbahnhof Köpenick,596181.44,1.0,760.0,20.109,2684.0,404.0,182.0,179.0,43.0
9501941,Friedrichshagener Straße,1045853.47,6.0,5254.57,8.55,2762.0,312.0,154.0,134.0,24.0
9502042,Mittelheide,3196209.77,0.0,0.0,6.004,4150.0,660.0,252.0,308.0,100.0
9502043,Dammheide,4774928.71,4.0,4156.71,9.062,9132.0,1120.0,381.0,568.0,171.0
10100101,Marzahn West,695714.89,7.0,3616.2799999999997,38.778,5666.0,1165.0,416.0,568.0,181.0
10100102,Rosenbecker Straße,327917.02,2.0,2865.58,49.457,3400.0,671.0,236.0,328.0,107.0
10100103,Wittenberger Straße,686667.62,2.0,1049.3799999999999,36.859,7647.0,1461.0,478.0,752.0,231.0
10100104,Golliner Straße,885247.24,5.0,3190.9100000000003,39.47,7606.0,1719.0,521.0,914.0,284.0
10100205,Gewerbegebiet Bitterfelder Straße,3601367.77,0.0,0.0,,,,,,
10100206,Wuhletalstraße,845801.21,4.0,4147.0599999999995,39.955,10956.0,2124.0,756.0,1053.0,315.0
10100207,Ahrensfelder Berge,1099145.9,9.0,3712.9500000000003,39.474,8220.0,1466.0,473.0,785.0,208.0
10100208,Bürgerpark,811095.32,5.0,3695.3,45.507,9283.0,1230.0,473.0,622.0,135.0
10100209,Lea-Grundig-Straße,678242.87,3.0,4271.5599999999995,30.483,8067.0,1472.0,477.0,745.0,250.0
10100210,Marzahner Promenade,882950.75,6.0,4544.2,32.78,10704.0,1810.0,583.0,907.0,320.0
10100311,Marzahner Chaussee,3993481.55,0.0,0.0,9.241,2228.0,350.0,145.0,163.0,42.0
10100312,Springpfuhl,1210423.67,15.0,11731.119999999999,25.013,15039.0,2260.0,776.0,1155.0,329.0
10100313,Alt-Marzahn,1098932.23,6.0,4964.03,21.731,4729.0,636.0,274.0,284.0,78.0
10100314,Auersbergstraße,470912.26,6.0,2794.8900000000003,24.203,6318.0,1000.0,295.0,563.0,142.0
10100315,Bärenstein,646671.73,7.0,5047.07,31.809,7132.0,1270.0,427.0,646.0,197.0
10100316,Landsberger Tor,1608763.92,6.0,6392.99,14.212,3726.0,673.0,302.0,304.0,67.0
10200417,Zossener Straße,450580.62,3.0,6398.11,43.451,7185.0,1852.0,621.0,974.0,257.0
10200418,Kyritzer Straße,642573.79,4.0,7553.2699999999995,30.808,5418.0,903.0,353.0,433.0,117.0
10200419,Havelländer Ring,203553.55,0.0,0.0,34.072,3558.0,698.0,248.0,363.0,87.0
10200420,Gut Hellersdorf,768081.28,4.0,5044.78,48.571,7188.0,1501.0,602.0,712.0,187.0
10200421,Helle Mitte,163854.01,0.0,0.0,28.986,1741.0,344.0,109.0,175.0,60.0
10200422,Hellersdorfer Promenade,451816.11,1.0,2369.88,53.66,6548.0,1529.0,562.0,742.0,225.0
10200423,Böhlener Straße,920819.97,3.0,4812.47,42.704,5888.0,1298.0,449.0,666.0,183.0
10200524,Adele-Sandrock-Straße,1111336.74,3.0,2338.63,31.89,10436.0,1794.0,784.0,813.0,197.0
10200525,Schleipfuhl,475948.16,2.0,1237.8600000000001,43.373,5306.0,1245.0,442.0,626.0,177.0
10200526,Boulevard Kastanienallee,526615.92,4.0,3530.6499999999996,46.763,6071.0,1619.0,521.0,875.0,223.0
10200627,Am Kienberg,533195.27,4.0,4113.96,29.231,3450.0,508.0,201.0,245.0,62.0
10200628,Neue Grottkauer Straße,498615.65,3.0,8395.77,43.448,6438.0,1532.0,619.0,733.0,180.0
10200629,Teterower Ring,999285.26,3.0,3949.2200000000003,24.681,8987.0,1249.0,465.0,644.0,140.0
10200630,Cecilienplatz,377293.28,2.0,6815.12,25.823,6476.0,912.0,327.0,454.0,131.0
10300731,Oberfeldstraße,2741532.35,1.0,4626.44,2.117,7653.0,962.0,316.0,518.0,128.0
10300732,Buckower Ring,2059702.79,4.0,4771.4,21.103,6923.0,1082.0,461.0,466.0,155.0
10300733,Alt-Biesdorf,2398150.98,4.0,6110.62,6.667,4229.0,743.0,308.0,346.0,89.0
10300734,Biesdorf Süd,5205281.04,7.0,6433.35,2.712,10323.0,1802.0,578.0,962.0,262.0
10400835,Kaulsdorf Nord,2552521.64,2.0,3545.7799999999997,9.057,7812.0,1246.0,409.0,655.0,182.0
10400836,Alt-Kaulsdorf,1349184.13,2.0,1823.7,5.78,3858.0,618.0,224.0,299.0,95.0
10400837,Kaulsdorf Süd,4869700.12,3.0,5426.93,2.71,7736.0,1271.0,372.0,702.0,197.0
10400938,Mahlsdorf Nord,4221854.23,4.0,3068.17,1.789,9938.0,1690.0,597.0,870.0,223.0
10400939,Alt-Mahlsdorf,1898886.89,2.0,1296.5,4.829,4438.0,745.0,286.0,360.0,99.0
10400940,Elsensee,3163910.83,1.0,209.58,4.743,5727.0,839.0,255.0,472.0,112.0
10400941,Pilgramer Straße,3691049.78,4.0,3055.59,2.885,9680.0,1726.0,538.0,929.0,259.0
11100101,Dörfer Malchow-Wartenberg,8450764.89,8.0,14084.0,3.641,3260.0,509.0,136.0,257.0,116.0
11100102,Dorf Falkenberg,3056876.87,0.0,0.0,30.87,2087.0,509.0,194.0,237.0,78.0
11100203,Falkenberg Ost,909974.14,5.0,5890.0,44.626,8939.0,1947.0,733.0,959.0,255.0
11100204,Falkenberg West,776059.12,5.0,9530.0,35.732,7055.0,1397.0,447.0,736.0,214.0
11100205,Wartenberg Süd,455965.44,2.0,807.0,43.817,6133.0,1154.0,413.0,586.0,155.0
11100206,Wartenberg Nord,659172.09,5.0,10339.0,44.548,7604.0,1637.0,650.0,797.0,190.0
11100307,Zingster Straße Ost,730353.16,4.0,6978.0,40.391,11724.0,2077.0,714.0,1039.0,324.0
11100308,Zingster Straße West,903502.77,4.0,8957.0,47.876,9573.0,1915.0,651.0,989.0,275.0
11100309,Mühlengrund,706053.63,3.0,5344.0,25.829,5996.0,896.0,355.0,410.0,131.0
11200410,Malchower Weg,2232986.36,2.0,1258.0,31.467,10046.0,2170.0,832.0,1082.0,256.0
11200411,Hauptstraße,2521370.18,1.0,729.0,27.83,6800.0,1164.0,412.0,578.0,174.0
11200512,Orankesee,1936974.98,2.0,3458.0,13.76,3860.0,851.0,246.0,485.0,120.0
11200513,Große-Leege-Straße,688251.11,3.0,6169.0,31.746,10112.0,1735.0,755.0,783.0,197.0
11200514,Landsberger Allee,940066.36,5.0,5288.0,34.404,15428.0,2728.0,1012.0,1330.0,386.0
11200515,Weiße Taube,1033897.67,1.0,3188.0,5.167,4119.0,681.0,298.0,293.0,90.0
11300616,Hohenschönhauser Straße,416969.28,4.0,4625.0,48.939,5998.0,870.0,325.0,430.0,115.0
11300617,Fennpfuhlpark,474771.8,4.0,5518.0,33.846,4254.0,516.0,211.0,235.0,70.0
11300618,Storkower Bogen,321194.18,3.0,2667.0,26.456,3686.0,456.0,211.0,200.0,45.0
11300619,Rudolf-Seiffert-Park,372628.96,7.0,9168.0,22.835,8388.0,1058.0,367.0,516.0,175.0
11300620,Fennpfuhl Ost,556765.22,2.0,4404.0,30.347,11235.0,1783.0,696.0,855.0,232.0
11300721,Herzbergstraße,3863062.3,1.0,453.0,24.056,5243.0,596.0,240.0,288.0,68.0
11300722,Rathaus Lichtenberg,889756.06,5.0,4343.0,14.211,10089.0,1526.0,714.0,673.0,139.0
11300723,Bornitzstraße,497944.01,1.0,1872.0,12.64,2285.0,413.0,177.0,190.0,46.0
11300724,Roedeliusplatz,411278.35,1.0,1872.0,26.241,3995.0,531.0,201.0,245.0,85.0
11300725,Nibelungenviertel,683430.15,3.0,7614.0,18.39,9771.0,1579.0,728.0,679.0,172.0
11300826,Frankfurter Allee Süd,1053307.2,5.0,13075.0,33.359,9851.0,1463.0,544.0,731.0,188.0
11400927,Victoriastadt,374097.78,3.0,2641.0,10.188,4212.0,891.0,361.0,417.0,113.0
11400928,Nöldnerplatz,584244.4,3.0,6072.0,12.637,2383.0,436.0,196.0,192.0,48.0
11400929,Weitlingkiez,842268.61,6.0,3826.0,21.905,16154.0,2564.0,1209.0,1107.0,248.0
11400930,Zachertstraße,404082.07,0.0,0.0,7.323,4664.0,512.0,275.0,176.0,61.0
11400931,Massower Straße,415400.76,2.0,2663.0,30.137,6743.0,1008.0,370.0,493.0,145.0
11401032,Rosenfelder Ring,567624.53,1.0,2204.0,41.062,5942.0,705.0,300.0,299.0,106.0
11401033,Gensinger Straße,453282.11,3.0,3652.0,30.393,6728.0,1295.0,503.0,619.0,173.0
11401034,Tierpark,1733256.92,1.0,1305.0,39.853,3310.0,516.0,215.0,236.0,65.0
11401135,Dolgenseestraße,699977.68,6.0,10191.0,40.365,10496.0,1719.0,804.0,716.0,199.0
11401136,Volkradstraße,797329.72,6.0,6697.0,22.937,8041.0,714.0,314.0,303.0,97.0
11401137,Erieseering,718040.74,9.0,14877.0,38.087,8693.0,1411.0,544.0,667.0,200.0
11501238,Rummelsburg,2401538.85,2.0,3868.0,10.106,4254.0,1074.0,444.0,501.0,129.0
11501339,Karlshorst West,994199.34,1.0,1534.0,8.996,10271.0,1940.0,910.0,822.0,208.0
11501340,Karlshorst Nord,3297929.69,6.0,6997.0,4.626,10543.0,2031.0,724.0,1037.0,270.0
11501341,Karlshorst Süd,2294053.9,5.0,5048.0,2.583,7343.0,1686.0,446.0,1026.0,214.0
12100101,Letteplatz,780573.78,7.0,12776.0,46.509,10927.0,2007.0,791.0,914.0,302.0
12100102,Hausotterplatz,809958.82,5.0,10322.0,49.539,9911.0,1773.0,644.0,870.0,259.0
12100103,Breitkopfbecken,720528.84,5.0,9201.3,44.196,7624.0,1026.0,406.0,472.0,148.0
12100204,Schäfersee,1115710.25,4.0,6229.0,46.147,8844.0,1332.0,528.0,628.0,176.0
12100205,Teichstraße,3374911.36,4.0,11234.0,39.703,14024.0,2254.0,881.0,1042.0,331.0
12100206,Humboldtstraße,759322.7,6.0,6287.0,28.022,4634.0,605.0,262.0,279.0,64.0
12200307,Reinickes Hof,532927.76,2.0,2103.0,37.353,2727.0,392.0,132.0,198.0,62.0
12200308,Meller Bogen,527632.33,4.0,9442.0,37.327,5644.0,780.0,290.0,367.0,123.0
12200309,Scharnweberstraße,707714.72,1.0,752.0,53.96,10740.0,1810.0,666.0,871.0,273.0
12200310,Klixstraße,819522.56,1.0,1901.0,59.749,8241.0,1699.0,581.0,830.0,288.0
12200411,Schumacher-Quartier,670393.4,0.0,0.0,37.037,364.0,66.0,24.0,36.0,6.0
12200412,Waldidyll/Flughafensee,5947955.5,2.0,997.0,17.896,6313.0,990.0,343.0,510.0,137.0
12200413,Tegel Süd,755172.72,1.0,3191.0,42.693,8016.0,1344.0,510.0,605.0,229.0
12200414,TXL,5987707.88,1.0,1600.0,30.636,1407.0,216.0,77.0,109.0,30.0
12200515,Alt-Tegel,2392511.02,6.0,19338.0,18.367,10928.0,1286.0,551.0,562.0,173.0
12400616,Konradshöhe/Tegelort,2336441.71,3.0,2673.0,5.556,5973.0,933.0,255.0,503.0,175.0
12400617,Alt-Heiligensee,5358375.3,2.0,1261.0,2.056,6822.0,1125.0,333.0,596.0,196.0
12400618,Heiligensee Nord,3247189.95,1.0,287.0,6.091,3744.0,646.0,244.0,336.0,66.0
12400619,Heiligensee,17921160.41,2.0,8138.0,6.584,7706.0,1252.0,381.0,644.0,227.0
12400720,Frohnau West,2749814.62,1.0,1908.0,3.731,8592.0,1444.0,416.0,773.0,255.0
12400721,Frohnau Ost,5090083.83,1.0,2229.0,4.742,8000.0,1454.0,380.0,793.0,281.0
12400722,Hermsdorf West,3158215.99,1.0,544.0,4.149,8562.0,1381.0,414.0,740.0,227.0
12400723,Hermsdorf Ost/Waldsee,2900186.52,3.0,3603.0,6.446,8096.0,1268.0,424.0,630.0,214.0
12500824,Ziekowstraße/Freie Scholle,2228029.56,5.0,9849.0,13.202,9670.0,1219.0,428.0,616.0,175.0
12500825,Borsigwalde,1849169.7,4.0,8517.0,24.223,6735.0,866.0,352.0,393.0,121.0
12500926,Wittenau Mitte,947532.08,4.0,2173.56,28.285,5071.0,543.0,221.0,243.0,79.0
12500927,Wittenau Nord,2494710.37,2.0,1800.0,20.685,6355.0,945.0,316.0,450.0,179.0
12500928,Waidmannslust,1731930.98,3.0,7714.0,12.254,5148.0,850.0,313.0,405.0,132.0
12500929,Lübars,5011478.34,1.0,9147.0,4.255,5147.0,890.0,254.0,488.0,148.0
12500930,Wittenau Süd,1613739.19,1.0,2383.0,30.379,10181.0,1489.0,516.0,743.0,230.0
12601031,Lübarser Straße,1134134.84,2.0,6160.0,21.498,3263.0,366.0,123.0,177.0,66.0
12601032,Rollbergesiedlung,501325.04,1.0,2101.0,65.221,5910.0,1531.0,493.0,781.0,257.0
12601133,Treuenbrietzener Straße,918344.0,0.0,0.0,54.349,11520.0,2789.0,886.0,1466.0,437.0
12601134,Märkisches Zentrum,1127871.02,6.0,12452.99,51.528,15181.0,3461.0,1129.0,1747.0,585.0
12601235,Dannenwalder Weg,523442.56,0.0,0.0,52.524,10583.0,2711.0,784.0,1468.0,459.0
12601236,Schorfheidestraße,578285.03,1.0,2342.0,19.43,3127.0,476.0,147.0,231.0,98.0
